Country.Name,Country.Code,Year,CO2.Emission,CO2.Emission.PC,CO2.Emission.Level,GDP.PC,Health.GDP,Life.Exp,Infant.Mort,Infant.Dea,Population,Area,Size
Austria,AUT,2000,62283.995,7.774259739,Middle,3.127436477,9.22142994,78.12682927,4.6,371,8011566,82580,Normal
Austria,AUT,2001,65888.656,8.192769898,Mid-High,0.880261369,9.28751266,78.57560976,4.5,359,8042293,82580,Normal
Austria,AUT,2002,67073.097,8.299115796,Mid-High,1.152671839,9.41272066,78.67804878,4.4,348,8081957,82580,Normal
Austria,AUT,2003,72195.896,8.889562334,Mid-High,0.450948907,9.58291804,78.63170732,4.3,337,8121423,82580,Normal
Austria,AUT,2004,72390.247,8.858363703,Mid-High,2.099709475,9.64729219,79.1804878,4.2,326,8171966,82580,Normal
Austria,AUT,2005,74216.413,9.020169598,Mid-High,1.549878794,9.58190549,79.33170732,4.1,314,8227829,82580,Normal
Austria,AUT,2006,72162.893,8.727297872,Mid-High,2.943417059,9.4818364,79.8804878,3.9,304,8268641,82580,Normal
Austria,AUT,2007,69735.339,8.406418936,Mid-High,3.391730702,9.47828009,80.1804878,3.8,297,8295487,82578,Normal
Austria,AUT,2008,69027.608,8.295095978,Mid-High,1.143308632,9.63474273,80.43170732,3.8,291,8321496,82578,Normal
Austria,AUT,2009,62731.369,7.518751102,Middle,-4.016342341,10.14206027,80.33170732,3.7,285,8343323,82578,Normal
Austria,AUT,2010,67502.136,8.071131802,Mid-High,1.592578041,10.11228382,80.5804878,3.6,280,8363404,82571,Normal
Austria,AUT,2011,65019.577,7.748134305,Middle,2.57644867,9.90937053,80.98292683,3.5,273,8391643,82561,Normal
Austria,AUT,2012,62272.994,7.387077163,Middle,0.22244938,10.13021724,80.93658537,3.3,266,8429991,82554,Normal
Austria,AUT,2013,62485.68,7.368748145,Middle,-0.562299551,10.18611195,81.13658537,3.2,260,8479823,82531,Normal
Austria,AUT,2014,58712.337,6.86986793,Middle,0.043786683,10.28596661,81.4902439,3.1,255,8546356,82523,Normal
Belgium,BEL,2000,115118.131,11.2296677,High,3.382626314,7.94200339,77.72195122,4.9,553,10251250,30280,Normal
Belgium,BEL,2001,114527.744,11.13371551,High,0.465396765,8.10533207,77.97317073,4.7,534,10286570,30280,Normal
Belgium,BEL,2002,107311.088,10.3854951,High,1.325277038,8.26350135,78.07560976,4.5,518,10332785,30280,Normal
Belgium,BEL,2003,112914.264,10.88211417,High,0.353564926,9.08952933,78.12926829,4.3,503,10376133,30280,Normal
Belgium,BEL,2004,111102.766,10.66129022,High,3.187131123,9.10842554,78.87804878,4.3,499,10421137,30280,Normal
Belgium,BEL,2005,108510.197,10.35539299,High,1.534238995,9.02350513,78.9804878,4.1,487,10478617,30280,Normal
Belgium,BEL,2006,107072.733,10.151039,High,1.83227715,8.92097795,79.3804878,4,483,10547958,30280,Normal
Belgium,BEL,2007,103545.079,9.744777191,Mid-High,2.692098469,8.94994358,79.78292683,3.9,480,10625700,30280,Normal
Belgium,BEL,2008,104443.494,9.751984809,Mid-High,-0.009854203,9.33923619,79.6804878,3.8,475,10709973,30280,Normal
Belgium,BEL,2009,99863.411,9.249615685,Mid-High,-3.036489674,10.07083958,80.03414634,3.7,468,10796493,30280,Normal
Belgium,BEL,2010,110824.074,10.17146522,High,1.809776856,9.91800872,80.18292683,3.7,461,10895586,30280,Normal
Belgium,BEL,2011,99944.085,9.046560547,Mid-High,0.396258392,10.08100716,80.58536585,3.6,452,11047744,30280,Normal
Belgium,BEL,2012,95107.312,8.546478214,Mid-High,-0.490304014,10.18429342,80.38536585,3.5,442,11128246,30280,Normal
Belgium,BEL,2013,96970.148,8.671352487,Mid-High,-0.288318453,10.36682111,80.58780488,3.4,433,11182817,30280,Normal
Belgium,BEL,2014,93350.819,8.328159898,Mid-High,1.056141338,10.39503365,81.28780488,3.3,423,11209057,30280,Normal
Bulgaria,BGR,2000,43530.957,5.328034342,Mid-Low,5.460133448,5.8708527,71.66341463,14.4,940,8170172,110630,Normal
Bulgaria,BGR,2001,46453.556,5.800066474,Mid-Low,5.856598353,6.91216546,71.76829268,13.8,897,8009142,110630,Normal
Bulgaria,BGR,2002,44634.724,5.695266947,Mid-Low,8.262240877,7.13596914,71.86585366,13.1,862,7837161,108800,Normal
Bulgaria,BGR,2003,47307.967,6.084370085,Middle,5.9924829,7.25556114,72.06585366,12.5,831,7775327,108770,Normal
Bulgaria,BGR,2004,46801.921,6.064891808,Middle,7.241768715,6.94398137,72.56341463,11.7,798,7716860,108760,Normal
Bulgaria,BGR,2005,47916.689,6.256282044,Middle,7.933171408,6.94420055,72.56097561,11,764,7658972,108640,Normal
Bulgaria,BGR,2006,48991.12,6.445333272,Middle,7.689165792,6.57317955,72.61219512,10.4,734,7601022,108630,Normal
Bulgaria,BGR,2007,52254.75,6.925435282,Middle,8.136615286,6.15947624,72.66341463,9.9,709,7545338,108610,Normal
Bulgaria,BGR,2008,50740.279,6.772087541,Middle,6.768693063,6.29068295,72.96341463,9.6,687,7492561,108610,Normal
Bulgaria,BGR,2009,42665.545,5.731193724,Mid-Low,-2.962963764,6.61345274,73.41219512,9.3,666,7444443,108560,Normal
Bulgaria,BGR,2010,44114.01,5.964900206,Mid-Low,1.993279538,7.10581466,73.51219512,9,642,7395599,108560,Normal
Bulgaria,BGR,2011,49346.819,6.71538056,Middle,2.57051343,7.14387251,74.16341463,8.7,613,7348328,108560,Normal
Bulgaria,BGR,2012,44708.064,6.119456526,Middle,0.612051095,7.59139434,74.31463415,8.3,578,7305888,108560,Normal
Bulgaria,BGR,2013,39599.933,5.450695963,Mid-Low,1.428219872,7.84915068,74.86097561,7.8,541,7265115,108560,Normal
Bulgaria,BGR,2014,42416.189,5.871615869,Mid-Low,1.906338412,8.51112283,74.46585366,7.4,505,7223938,108560,Normal
Croatia,HRV,2000,19339.758,4.369579304,Mid-Low,6.757163199,7.66469802,72.80780488,7.2,327,4426000,55910,Normal
Croatia,HRV,2001,20395.854,4.593660811,Mid-Low,3.10825984,7.16206455,74.51292683,6.9,307,4440000,55910,Normal
Croatia,HRV,2002,21473.952,4.836475676,Mid-Low,5.246474526,6.19018539,74.71731707,6.6,288,4440000,55910,Normal
Croatia,HRV,2003,22984.756,5.176746847,Mid-Low,5.557907054,6.36214933,74.61390244,6.4,272,4440000,55910,Normal
Croatia,HRV,2004,22376.034,5.040782609,Mid-Low,4.106258027,6.5725789,75.5202439,6,254,4439000,55960,Normal
Croatia,HRV,2005,22592.387,5.086084421,Mid-Low,4.093352606,6.90187205,75.24463415,5.8,243,4442000,55960,Normal
Croatia,HRV,2006,22607.055,5.091679054,Mid-Low,4.832461401,6.97723486,75.83682927,5.5,234,4440000,55960,Normal
Croatia,HRV,2007,23828.166,5.371543282,Mid-Low,5.244820108,7.47406369,75.70560976,5.3,228,4436000,55960,Normal
Croatia,HRV,2008,22592.387,5.094677245,Mid-Low,2.087701603,7.70480821,75.91219512,5.1,219,4434508,55960,Normal
Croatia,HRV,2009,21165.924,4.778855554,Mid-Low,-7.270236568,8.17113139,76.16829268,4.9,212,4429078,55960,Normal
Croatia,HRV,2010,20172.167,4.566131051,Mid-Low,-1.168357014,8.12300034,76.47560976,4.7,203,4417781,55960,Normal
Croatia,HRV,2011,19809.134,4.627629816,Mid-Low,2.867772203,7.80604748,76.77560976,4.5,194,4280622,55960,Normal
Croatia,HRV,2012,17993.969,4.21645564,Mid-Low,-1.945442651,7.79695502,76.92439024,4.5,187,4267558,55960,Normal
Croatia,HRV,2013,17550.262,4.123953137,Mid-Low,-0.370944746,7.29948269,77.12682927,4.3,177,4255689,55960,Normal
Croatia,HRV,2014,16842.531,3.973804906,Low,0.311605127,7.49048945,77.47804878,4.2,170,4238389,55960,Normal
Cyprus,CYP,2000,6930.63,7.347326262,Middle,4.605801516,5.312016,78.01,5.7,72,943286,9240,Small
Cyprus,CYP,2001,6846.289,7.129456764,Middle,2.489999696,5.34238735,78.14,5.3,66,960282,9240,Small
Cyprus,CYP,2002,7022.305,7.187870407,Middle,2.220905652,5.61591572,78.264,5,61,976966,9240,Small
Cyprus,CYP,2003,7748.371,7.798570398,Middle,1.237982201,5.53012386,78.386,4.6,56,993563,9240,Small
Cyprus,CYP,2004,7334,7.258439643,Middle,3.180830497,5.28468639,78.506,4.3,53,1010410,9240,Small
Cyprus,CYP,2005,7502.682,7.300757645,Middle,2.241217562,5.28617016,78.631,4.1,49,1027658,9240,Small
Cyprus,CYP,2006,7788.708,7.449680491,Middle,2.781022803,5.30853318,78.764,3.8,47,1045509,9240,Small
Cyprus,CYP,2007,8195.745,7.704853381,Middle,2.61259233,5.19121611,78.911,3.6,44,1063712,9240,Small
Cyprus,CYP,2008,8577.113,7.930294398,Middle,1.288334269,6.01936231,79.071,3.4,42,1081563,9240,Small
Cyprus,CYP,2009,8111.404,7.386924038,Middle,-4.374273984,6.46461028,79.245,3.2,40,1098076,9240,Small
Cyprus,CYP,2010,7708.034,6.927903563,Middle,-1.29760034,6.27779476,79.43,3,38,1112607,9240,Small
Cyprus,CYP,2011,7425.675,6.60156823,Middle,-2.206049098,6.59134564,79.62,2.8,36,1124835,9240,Small
Cyprus,CYP,2012,6919.629,6.096256416,Middle,-4.524162137,6.69358401,79.81,2.7,34,1135062,9240,Small
Cyprus,CYP,2013,5947.874,5.199663256,Mid-Low,-5.715037527,6.91217119,79.995,2.5,33,1143896,9240,Small
Cyprus,CYP,2014,6061.551,5.260352041,Mid-Low,-0.312564152,6.80104056,80.173,2.4,31,1152309,9240,Small
Czech Republic,CZE,2000,123849.258,12.07688904,High,4.559530329,5.73385062,74.96829268,4.5,397,10255063,77270,Normal
Czech Republic,CZE,2001,123720.913,12.10978725,High,3.296140657,5.90058216,75.17317073,4.3,378,10216605,77270,Normal
Czech Republic,CZE,2002,119749.552,11.7437029,High,1.848772611,6.21511915,75.22195122,4.1,370,10196916,77270,Normal
Czech Republic,CZE,2003,122059.762,11.97368903,High,3.632645491,6.57603735,75.17073171,3.9,366,10193998,77270,Normal
Czech Republic,CZE,2004,116775.615,11.4518445,High,4.874640468,6.39546323,75.72195122,3.7,364,10197101,77260,Normal
Czech Republic,CZE,2005,120108.918,11.76245004,High,6.386207215,6.39464022,75.92439024,3.5,359,10211216,77260,Normal
Czech Republic,CZE,2006,122107.433,11.92582928,High,6.564559092,6.20554248,76.52439024,3.4,352,10238905,77250,Normal
Czech Republic,CZE,2007,123302.875,11.97251522,High,4.988202195,6.02907661,76.72439024,3.2,343,10298828,77250,Normal
Czech Republic,CZE,2008,116658.271,11.23377283,High,1.834145073,6.37362529,76.97560976,3,332,10384603,77250,Normal
Czech Republic,CZE,2009,107659.453,10.30832179,High,-5.343397791,7.30886385,77.07804878,2.8,319,10443936,77250,Normal
Czech Republic,CZE,2010,111579.476,10.65257862,High,1.975868189,6.94350531,77.42439024,2.7,306,10474410,77240,Normal
Czech Republic,CZE,2011,106907.718,10.18548225,High,1.567627263,6.97689183,77.87317073,2.6,294,10496088,77240,Normal
Czech Republic,CZE,2012,101029.517,9.611985879,Mid-High,-0.938553682,7.02843525,78.07560976,2.5,283,10510785,77230,Normal
Czech Republic,CZE,2013,98675.303,9.384891603,Mid-High,-0.516675079,7.8066952,78.17560976,2.5,276,10514272,77230,Normal
Czech Republic,CZE,2014,96475.103,9.165978376,Mid-High,2.607037043,7.65308523,78.82439024,2.5,274,10525347,77210,Normal
Denmark,DNK,2000,51330.666,9.613175554,Mid-High,3.400722038,8.1043807,76.59268293,4.6,301,5339616,42430,Normal
Denmark,DNK,2001,52918.477,9.875092348,Mid-High,0.462530611,8.4483269,76.79268293,4.5,293,5358783,42430,Normal
Denmark,DNK,2002,52049.398,9.68193193,Mid-High,0.145880086,8.70251179,76.89512195,4.4,287,5375931,42430,Normal
Denmark,DNK,2003,55998.757,10.38827349,High,0.117373434,8.90363048,77.14390244,4.3,281,5390574,42430,Normal
Denmark,DNK,2004,50600.933,9.362701019,Mid-High,2.403208255,9.00743094,77.49268293,4.2,270,5404523,42430,Normal
Denmark,DNK,2005,47095.281,8.690076931,Mid-High,2.055133635,9.0905709,77.84390244,4,259,5419432,42430,Normal
Denmark,DNK,2006,54986.665,10.11291416,High,3.572035729,9.16879674,78.09512195,3.8,248,5437272,42430,Normal
Denmark,DNK,2007,50256.235,9.20201511,Mid-High,0.462745499,9.32515549,78.19512195,3.8,242,5461438,42430,Normal
Denmark,DNK,2008,46933.933,8.543351098,Mid-High,-1.094850555,9.51134351,78.44634146,3.6,230,5493621,42430,Normal
Denmark,DNK,2009,44510.046,8.058895601,Mid-High,-5.413991945,10.67431683,78.59756098,3.5,222,5523095,42430,Normal
Denmark,DNK,2010,46640.573,8.40721667,Mid-High,1.419488116,10.37557581,79.1,3.5,213,5547683,42430,Normal
Denmark,DNK,2011,40645.028,7.296383208,Middle,0.920390598,10.19668712,79.8,3.5,210,5570572,42430,Normal
Denmark,DNK,2012,36427.978,6.514800847,Middle,-0.149947287,10.26924257,80.05121951,3.5,207,5591572,41990,Normal
Denmark,DNK,2013,38532.836,6.862565032,Middle,0.513432702,10.21234699,80.3,3.5,205,5614932,41990,Normal
Denmark,DNK,2014,33498.045,5.935712482,Mid-Low,1.105414721,10.26173761,80.7,3.6,210,5643475,41990,Normal
Estonia,EST,2000,14858.684,10.63625164,High,10.03454067,5.16448435,70.41707317,8.8,111,1396985,42390,Normal
Estonia,EST,2001,15570.082,11.21670899,High,7.008146762,4.78791354,70.25853659,8.1,103,1388115,42390,Normal
Estonia,EST,2002,14888.02,10.79350419,High,6.750451033,4.73280764,70.90487805,7.4,97,1379350,42390,Normal
Estonia,EST,2003,17124.89,12.49335386,High,8.092451367,4.88543903,71.31707317,6.8,91,1370720,42390,Normal
Estonia,EST,2004,17282.571,12.68399031,High,6.932101241,5.09280262,71.9097561,6.2,86,1362550,42390,Normal
Estonia,EST,2005,16754.523,12.36701519,High,10.00140285,4.95591487,72.56829268,5.7,81,1354775,42390,Normal
Estonia,EST,2006,16175.137,12.00996206,High,10.9240292,4.91832388,72.69146341,5.2,76,1346810,42390,Normal
Estonia,EST,2007,18709.034,13.95488409,High,8.240850138,5.02833859,72.81463415,4.7,71,1340680,42390,Normal
Estonia,EST,2008,17491.59,13.08183443,High,-5.165513258,5.75219921,73.77073171,4.3,65,1337090,42390,Normal
Estonia,EST,2009,14565.324,10.91432018,High,-14.55986124,6.54284987,74.82439024,4,61,1334515,42390,Normal
Estonia,EST,2010,18107.646,13.59968907,High,2.492551994,6.33367988,75.42926829,3.6,54,1331475,42390,Normal
Estonia,EST,2011,18606.358,14.01673297,High,7.924443455,5.82261993,76.22926829,3.3,50,1327439,42390,Normal
Estonia,EST,2012,17623.602,13.32400037,High,4.681290004,5.82746489,76.32682927,3.1,46,1322696,42390,Normal
Estonia,EST,2013,19893.475,15.09371797,High,2.299973572,6.02309675,77.14146341,2.9,41,1317997,42390,Normal
Estonia,EST,2014,19519.441,14.84881917,High,3.160902353,6.21052418,77.03414634,2.6,37,1314545,42390,Normal
Finland,FIN,2000,52427.099,10.12847414,High,5.415770114,6.83650274,77.46585366,3.5,203,5176209,304590,Large
Finland,FIN,2001,57051.186,10.9967421,High,2.347494292,6.98526832,77.96585366,3.4,196,5188008,304590,Large
Finland,FIN,2002,61682.607,11.86067583,High,1.434169687,7.35891132,78.1195122,3.3,191,5200598,304590,Large
Finland,FIN,2003,69130.284,13.26109694,High,1.751061795,7.66280176,78.36829268,3.3,187,5213014,304590,Large
Finland,FIN,2004,67091.432,12.83267498,High,3.624745135,7.79097282,78.71463415,3.2,182,5228172,304590,Large
Finland,FIN,2005,54645.634,10.41643805,High,2.428793345,7.99793901,78.81707317,3.1,178,5246096,304590,Large
Finland,FIN,2006,66200.351,12.57063845,High,3.656622696,8.00452049,79.21463415,3,173,5266268,304110,Large
Finland,FIN,2007,63985.483,12.09848186,High,4.738263812,7.82608316,79.26341463,2.8,167,5288720,304090,Large
Finland,FIN,2008,56519.471,10.63715919,High,0.252853935,8.08408557,79.56829268,2.7,161,5313399,303900,Large
Finland,FIN,2009,53149.498,9.955194272,Mid-High,-8.706689219,8.8716979,79.7195122,2.6,154,5338871,303900,Large
Finland,FIN,2010,62082.31,11.57528165,High,2.522229366,8.86869375,79.87073171,2.5,146,5363352,303900,Large
Finland,FIN,2011,56816.498,10.54447474,High,2.096442142,8.94886955,80.47073171,2.4,139,5388272,303890,Large
Finland,FIN,2012,49134.133,9.075433356,Mid-High,-1.89409884,9.29113583,80.62682927,2.3,133,5413971,303890,Large
Finland,FIN,2013,47219.959,8.681780123,Mid-High,-1.214215943,9.49202117,80.97560976,2.2,127,5438972,303890,Large
Finland,FIN,2014,47300.633,8.660721243,Mid-High,-1.041827134,9.48001158,81.1804878,2.1,121,5461512,303890,Large
France,FRA,2000,362226.26,5.946665463,Mid-Low,3.16612187,9.5411273,79.05609756,4.4,3319,60912500,547567,Very large
France,FRA,2001,377535.985,6.153060599,Middle,1.21513239,9.66523159,79.15853659,4.3,3258,61357430,547567,Very large
France,FRA,2002,375075.428,6.068664472,Middle,0.385759039,9.98176457,79.26097561,4.2,3186,61805267,547567,Very large
France,FRA,2003,380689.605,6.115998108,Middle,0.107470252,10.04113395,79.11463415,4,3102,62244886,547867,Very large
France,FRA,2004,383758.884,6.120078568,Middle,2.032373248,10.12424262,80.16341463,3.9,3018,62704895,547567,Very large
France,FRA,2005,385368.697,6.099598855,Middle,0.844673537,10.17983581,80.16341463,3.8,2946,63179351,547557,Very large
France,FRA,2006,375764.824,5.906266386,Mid-Low,1.663664041,10.04536783,80.81219512,3.7,2893,63621381,547557,Very large
France,FRA,2007,369142.222,5.76638517,Mid-Low,1.730142884,9.96160043,81.11219512,3.6,2853,64016227,547557,Very large
France,FRA,2008,366325.966,5.690501415,Mid-Low,-0.363093901,10.10223474,81.21463415,3.6,2815,64374989,547557,Very large
France,FRA,2009,351899.988,5.438356727,Mid-Low,-3.439413772,10.80662093,81.41463415,3.5,2778,64707044,547557,Very large
France,FRA,2010,353033.091,5.428980862,Mid-Low,1.463158942,10.71304671,81.66341463,3.5,2739,65027507,547557,Very large
France,FRA,2011,331804.828,5.077911491,Mid-Low,1.586713905,10.72586389,82.11463415,3.5,2700,65342775,547557,Very large
France,FRA,2012,333227.624,5.075063887,Mid-Low,-0.301002036,10.8276972,81.96829268,3.4,2669,65659789,547557,Very large
France,FRA,2013,334096.703,5.062174035,Mid-Low,0.059831492,10.92933097,82.2195122,3.4,2655,65998660,547557,Very large
France,FRA,2014,303275.568,4.573182147,Mid-Low,0.464385588,11.10007654,82.67073171,3.4,2657,66316092,547557,Very large
Germany,DEU,2000,829977.779,10.09563988,High,2.822696604,9.83968665,77.92682927,4.4,3328,82211508,348950,Large
Germany,DEU,2001,853662.932,10.3662867,High,1.524537695,9.87549602,78.32926829,4.3,3158,82349925,348900,Large
Germany,DEU,2002,829724.756,10.0586725,High,-0.167987063,10.12239226,78.22926829,4.2,3049,82488495,348860,Large
Germany,DEU,2003,822812.461,9.969354525,Mid-High,-0.764861234,10.35800512,78.3804878,4.1,2942,82534176,348810,Large
Germany,DEU,2004,816802.248,9.898682369,Mid-High,1.191936522,10.13031683,78.6804878,4,2841,82516260,348770,Large
Germany,DEU,2005,797180.131,9.666372234,Mid-High,0.763909706,10.27520145,78.93170732,3.9,2691,82469422,348760,Large
Germany,DEU,2006,816472.218,9.911476012,Mid-High,3.817196752,10.12848637,79.13170732,3.8,2608,82376451,348720,Large
Germany,DEU,2007,780546.619,9.488039888,Mid-High,3.39870617,9.9845617,79.53414634,3.7,2535,82266372,348670,Large
Germany,DEU,2008,780564.954,9.506321178,Mid-High,1.274699038,10.18050231,79.73658537,3.6,2470,82110097,348630,Large
Germany,DEU,2009,722263.321,8.818595562,Mid-High,-5.37941105,11.16714358,79.83658537,3.6,2414,81902307,348610,Large
Germany,DEU,2010,758859.981,9.279634012,Mid-High,4.239504345,11.03489841,79.98780488,3.5,2364,81776930,348570,Large
Germany,DEU,2011,732497.918,9.12485921,Mid-High,5.599481428,10.74721063,80.43658537,3.4,2322,80274983,348560,Large
Germany,DEU,2012,739861.254,9.199299757,Mid-High,0.303518386,10.80503651,80.53902439,3.3,2284,80425823,348540,Large
Germany,DEU,2013,757312.507,9.39062342,Mid-High,0.215722046,10.96799989,80.4902439,3.3,2308,80645605,348880,Large
Germany,DEU,2014,719883.438,8.889370395,Mid-High,1.50565308,11.05036714,81.0902439,3.3,2276,80982500,348900,Large
Greece,GRC,2000,91616.328,8.47843382,Mid-High,3.495563615,7.2433243,77.88780488,5.5,606,10805808,128900,Normal
Greece,GRC,2001,93805.527,8.636014274,Mid-High,3.591652802,7.98784182,78.38780488,5.1,568,10862132,128900,Normal
Greece,GRC,2002,93669.848,8.591970187,Mid-High,3.542622806,8.23377837,78.64146341,4.8,532,10902022,128900,Normal
Greece,GRC,2003,95738.036,8.760745127,Mid-High,5.542360849,8.19821033,78.84146341,4.4,498,10928070,128900,Normal
Greece,GRC,2004,97149.831,8.867967195,Mid-High,4.801378733,7.93223888,79.03902439,4.2,474,10955141,128900,Normal
Greece,GRC,2005,98675.303,8.980839448,Mid-High,0.304568132,8.99658356,79.23902439,3.9,450,10987314,128900,Normal
Greece,GRC,2006,97285.51,8.827796219,Mid-High,5.335601875,8.96532477,79.43902439,3.6,424,11020362,128900,Normal
Greece,GRC,2007,98246.264,8.892293442,Mid-High,3.010984003,9.06037355,79.43902439,3.4,405,11048473,128900,Normal
Greece,GRC,2008,95965.39,8.662824281,Mid-High,-0.599389804,9.38345943,79.93902439,3.3,392,11077841,128900,Normal
Greece,GRC,2009,91942.691,8.277892345,Mid-High,-4.552117255,9.46849801,80.18780488,3.3,377,11107017,128900,Normal
Greece,GRC,2010,83856.956,7.540183868,Middle,-5.600777667,9.560039,80.38780488,3.2,368,11121341,128900,Normal
Greece,GRC,2011,79841.591,7.189762915,Middle,-8.997955016,9.09809742,80.73170732,3.2,357,11104899,128900,Normal
Greece,GRC,2012,80043.276,7.247007359,Middle,-6.797860844,8.77645644,80.63414634,3.3,353,11045011,128900,Normal
Greece,GRC,2013,69482.316,6.33661459,Middle,-2.537258522,8.33554363,81.28536585,3.5,356,10965211,128900,Normal
Greece,GRC,2014,67318.786,6.180337268,Middle,1.413058085,7.94134054,81.38536585,3.6,359,10892413,128900,Normal
Hungary,HUN,2000,55826.408,5.467296695,Mid-Low,4.480230707,6.77932589,71.24634146,8.7,838,10210971,89620,Normal
Hungary,HUN,2001,56977.846,5.592875675,Mid-Low,4.078972346,6.8329084,72.24878049,8.1,778,10187576,89620,Normal
Hungary,HUN,2002,56064.763,5.518941473,Mid-Low,4.826275599,7.12604302,72.34878049,7.6,723,10158608,89620,Normal
Hungary,HUN,2003,59053.368,5.82981044,Mid-Low,4.146503072,8.14326758,72.3,7.2,679,10129552,89620,Normal
Hungary,HUN,2004,57458.223,5.684910755,Mid-Low,5.2376979,7.78994909,72.64878049,6.8,641,10107146,89620,Normal
Hungary,HUN,2005,58019.274,5.751848927,Mid-Low,4.596027828,8.02863187,72.64878049,6.4,609,10087065,89610,Normal
Hungary,HUN,2006,57388.55,5.698187039,Mid-Low,4.013012335,7.84001611,73.09756098,6.1,580,10071370,89610,Normal
Hungary,HUN,2007,56035.427,5.572459521,Mid-Low,0.590470886,7.25509019,73.15121951,5.8,551,10055780,89610,Normal
Hungary,HUN,2008,54843.652,5.463501182,Mid-Low,1.032263083,7.13502424,73.70243902,5.5,522,10038188,89610,Normal
Hungary,HUN,2009,48510.743,4.840111448,Mid-Low,-6.455177065,7.28355933,73.90487805,5.3,494,10022650,90530,Normal
Hungary,HUN,2010,50223.232,5.022311649,Mid-Low,0.910191644,7.55835933,74.20731707,5.1,472,10000023,90530,Normal
Hungary,HUN,2011,47843.349,4.797900003,Mid-Low,1.950394911,7.58013875,74.85853659,4.9,455,9971727,90530,Normal
Hungary,HUN,2012,44583.386,4.494128944,Mid-Low,-1.13451751,7.49754119,75.06341463,4.8,440,9920362,90530,Normal
Hungary,HUN,2013,42141.164,4.259659831,Mid-Low,2.377745234,7.28833308,75.56585366,4.7,423,9893082,90530,Normal
Hungary,HUN,2014,42086.159,4.265574976,Mid-Low,4.50887924,7.14081101,75.76341463,4.5,404,9866468,90530,Normal
Ireland,IRL,2000,41228.081,10.83474264,High,8.109100455,5.90515553,76.53658537,6,343,3805174,68890,Normal
Ireland,IRL,2001,44029.669,11.38823116,High,4.132422633,6.4002826,77.13414634,5.8,339,3866243,68890,Normal
Ireland,IRL,2002,43413.613,11.04125081,High,4.53281466,6.67495669,77.63414634,5.4,329,3931947,68890,Normal
Ireland,IRL,2003,42687.547,10.6811767,High,1.453350166,7.0085891,78.13902439,5,313,3996521,68890,Normal
Ireland,IRL,2004,43761.978,10.75163663,High,4.748482142,7.22509094,78.53902439,4.7,302,4070262,68890,Normal
Ireland,IRL,2005,43538.291,10.4661517,High,3.721796583,7.64651225,78.94390244,4.4,289,4159914,68890,Normal
Ireland,IRL,2006,43160.59,10.0993731,High,2.714803591,7.5106022,79.24146341,4,274,4273591,68890,Normal
Ireland,IRL,2007,44638.391,10.14752888,High,2.210718729,7.79887264,79.64146341,3.9,269,4398942,68890,Normal
Ireland,IRL,2008,42999.242,9.577641293,Mid-High,-5.874566255,9.10599391,80.09512195,3.7,262,4489544,68890,Normal
Ireland,IRL,2009,40314.998,8.889010942,Mid-High,-5.590539849,10.51131173,80.1902439,3.6,260,4535375,68890,Normal
Ireland,IRL,2010,40054.641,8.783613934,Mid-High,1.248486081,10.5408639,80.74390244,3.5,256,4560155,68890,Normal
Ireland,IRL,2011,35632.239,7.77982216,Middle,2.536796695,9.93500499,80.74634146,3.4,250,4580084,68890,Normal
Ireland,IRL,2012,35591.902,7.738155591,Middle,-0.385849631,10.06057951,80.84634146,3.4,243,4599533,68890,Normal
Ireland,IRL,2013,34854.835,7.538110297,Middle,1.105065961,10.41887461,81,3.3,235,4623816,68890,Normal
Ireland,IRL,2014,34066.43,7.313939808,Middle,7.539384659,9.91316921,81.34878049,3.2,225,4657740,68890,Normal
Italy,ITA,2000,450564.29,7.912673166,Middle,3.663132784,7.58037235,79.77804878,4.7,2517,56942108,294110,Large
Italy,ITA,2001,450347.937,7.904432663,Middle,1.715041815,7.76886299,80.12682927,4.5,2408,56974100,294110,Large
Italy,ITA,2002,452610.476,7.932323042,Middle,0.099371983,7.89303446,80.22926829,4.3,2313,57059007,294110,Large
Italy,ITA,2003,468349.24,8.17175128,Mid-High,-0.29287378,7.85541424,79.98292683,4.1,2231,57313203,294140,Large
Italy,ITA,2004,473970.751,8.216487201,Mid-High,0.926640896,8.18779716,80.7804878,3.9,2162,57685327,294140,Large
Italy,ITA,2005,473384.031,8.166090128,Mid-High,0.454827381,8.3612048,80.78292683,3.8,2102,57969484,294140,Large
Italy,ITA,2006,469346.664,8.072145596,Mid-High,1.700456258,8.45968681,81.28292683,3.7,2051,58143979,294140,Large
Italy,ITA,2007,462676.391,7.917347216,Middle,0.962784205,8.16283649,81.43414634,3.6,2002,58438310,294140,Large
Italy,ITA,2008,447186.983,7.60176497,Middle,-1.703747,8.56183142,81.48536585,3.5,1952,58826731,294140,Large
Italy,ITA,2009,401591.505,6.795651486,Middle,-5.911711979,8.97653684,81.63658537,3.4,1893,59095365,294140,Large
Italy,ITA,2010,405361.181,6.83837457,Middle,1.37422513,8.95361182,82.03658537,3.4,1824,59277417,294140,Large
Italy,ITA,2011,397994.178,6.702557614,Middle,0.403801715,8.83464291,82.18780488,3.3,1750,59379449,294140,Large
Italy,ITA,2012,369468.585,6.205413858,Middle,-3.080603909,8.95606116,82.23902439,3.2,1675,59539717,294140,Large
Italy,ITA,2013,345317.723,5.732941879,Mid-Low,-2.860800443,8.95226727,82.6902439,3.1,1605,60233948,294140,Large
Italy,ITA,2014,320411.459,5.270866786,Mid-Low,-0.800672819,9.01144092,83.0902439,3,1542,60789140,294140,Large
Latvia,LVA,2000,6351.244,2.682622965,Low,6.42782534,7.9132163,70.31463415,11.6,223,2367550,62196,Normal
Latvia,LVA,2001,6985.635,2.988928918,Low,7.845160997,8.3510914,70.76097561,10.9,212,2337170,62196,Normal
Latvia,LVA,2002,6912.295,2.992111413,Low,8.354650672,8.49478505,70.96097561,10.3,205,2310173,62196,Normal
Latvia,LVA,2003,7370.67,3.221510038,Low,9.483645973,8.23325483,71.26585366,9.7,200,2287955,62196,Normal
Latvia,LVA,2004,7403.673,3.271442282,Low,9.524301376,9.2754074,72.02682927,9.2,194,2263122,62196,Normal
Latvia,LVA,2005,7506.349,3.352846325,Low,11.89968367,8.85355766,71.35609756,8.7,188,2238799,62196,Normal
Latvia,LVA,2006,8012.395,3.611860039,Low,12.920438,8.8181052,70.86585366,8.2,182,2218357,62196,Normal
Latvia,LVA,2007,8316.756,3.779785259,Low,10.88056627,8.8529169,71.0195122,7.8,174,2200325,62196,Normal
Latvia,LVA,2008,7902.385,3.629405756,Low,-2.528643112,8.5163657,72.4195122,7.4,166,2177322,62196,Normal
Latvia,LVA,2009,7231.324,3.376490018,Low,-12.97671132,8.86383542,73.0804878,7,157,2141669,62180,Normal
Latvia,LVA,2010,8074.734,3.849593455,Low,-1.920431852,8.6271369,73.48292683,6.6,147,2097555,62240,Normal
Latvia,LVA,2011,7293.663,3.541113332,Low,8.33571298,7.92479645,73.57560976,6.2,135,2059709,62200,Normal
Latvia,LVA,2012,7062.642,3.471747548,Low,5.333067417,7.64328038,73.77804878,5.7,122,2034319,62180,Normal
Latvia,LVA,2013,7080.977,3.518240904,Low,3.532806538,7.51361289,73.98292683,5.2,109,2012647,62190,Normal
Latvia,LVA,2014,6974.634,3.498192882,Low,2.822017909,7.82503769,74.12439024,4.7,97,1993782,62180,Normal
Lithuania,LTU,2000,12163.439,3.475729068,Low,4.564578544,5.82726171,72.0195122,8.6,291,3499536,62680,Normal
Lithuania,LTU,2001,12885.838,3.712622788,Low,7.405827885,5.82620029,71.65853659,8.2,268,3470818,62680,Normal
Lithuania,LTU,2002,13142.528,3.817099115,Low,7.621237453,6.18989357,71.76097561,7.9,249,3443067,62680,Normal
Lithuania,LTU,2003,12823.499,3.754816757,Low,11.44010186,6.24531302,72.06097561,7.6,235,3415213,62680,Normal
Lithuania,LTU,2004,13245.204,3.922093528,Low,7.753374949,5.50508014,71.96097561,7.4,226,3377075,62680,Normal
Lithuania,LTU,2005,13901.597,4.184042091,Mid-Low,9.496003072,5.63745096,71.25365854,7.2,220,3322528,62680,Normal
Lithuania,LTU,2006,14158.287,4.329871871,Mid-Low,9.13481652,5.83906442,71.05609756,6.9,211,3269909,62680,Normal
Lithuania,LTU,2007,15166.712,4.693696086,Mid-Low,12.41447913,5.75743698,70.9,6.5,198,3231294,62680,Normal
Lithuania,LTU,2008,15009.031,4.69291649,Mid-Low,3.689037016,6.28817328,71.81219512,5.9,183,3198231,62675,Normal
Lithuania,LTU,2009,12519.138,3.958100057,Low,-13.86303536,7.35535441,72.91463415,5.3,167,3162916,62675,Normal
Lithuania,LTU,2010,13468.891,4.348616303,Mid-Low,3.793652566,6.8146869,73.26829268,4.9,153,3097282,62675,Normal
Lithuania,LTU,2011,13787.92,4.553301311,Mid-Low,8.465325784,6.4939425,73.56341463,4.5,141,3028115,62674,Normal
Lithuania,LTU,2012,13831.924,4.629509672,Mid-Low,5.228863385,6.28819546,73.86341463,4.2,132,2987773,62674,Normal
Lithuania,LTU,2013,12640.149,4.273657237,Mid-Low,4.551312008,6.13391768,73.91463415,4,127,2957689,62675,Normal
Lithuania,LTU,2014,12838.167,4.378090123,Mid-Low,4.431668573,6.17791746,74.51707317,4,126,2932367,62650,Normal
Luxembourg,LUX,2000,8239.749,18.88551226,High,6.7946998,5.90140125,77.87317073,3.9,21,436300,2590,Small
Luxembourg,LUX,2001,8800.8,19.93273314,High,1.318613123,6.41021963,77.82439024,3.7,20,441525,2590,Small
Luxembourg,LUX,2002,9416.856,21.1057455,High,2.737471625,6.73757805,77.96585366,3.5,19,446175,2590,Small
Luxembourg,LUX,2003,9904.567,21.93071098,High,0.401760622,6.9711736,77.72682927,3.3,18,451630,2590,Small
Luxembourg,LUX,2004,11268.691,24.5990264,High,2.149919484,7.34654114,79.12195122,3.1,17,458095,2590,Small
Luxembourg,LUX,2005,11547.383,24.82464668,High,1.605863285,7.18410975,79.43170732,3,16,465158,2590,Small
Luxembourg,LUX,2006,11349.365,24.01285765,High,3.514143359,6.70957809,79.28780488,2.8,15,472637,2590,Small
Luxembourg,LUX,2007,11019.335,22.95728271,High,6.693995465,6.23422425,79.38292683,2.7,15,479993,2590,Small
Luxembourg,LUX,2008,10938.661,22.38547222,High,-3.02853191,6.53786397,80.53902439,2.6,14,488650,2590,Small
Luxembourg,LUX,2009,10392.278,20.87712517,High,-6.113373324,7.33959136,80.63658537,2.5,14,497783,2590,Small
Luxembourg,LUX,2010,10967.997,21.6351358,High,2.968122577,7.03065126,80.63170732,2.4,14,506953,2590,Small
Luxembourg,LUX,2011,10938.661,21.10296963,High,0.285277468,6.1120571,80.98780488,2.4,14,518347,2590,Small
Luxembourg,LUX,2012,10663.636,20.08421949,High,-2.717088654,6.57173882,81.39268293,2.3,14,530946,2590,Small
Luxembourg,LUX,2013,10051.247,18.49831971,High,1.286206821,6.54780307,81.8,2.3,14,543360,2590,Small
Luxembourg,LUX,2014,9658.878,17.36212137,High,3.308044869,6.26572665,82.22926829,2.2,14,556319,2590,Small
Malta,MLT,2000,2064.521,5.292462963,Mid-Low,6.083458858,6.53913569,78.2,6.8,31,390087,320,Small
Malta,MLT,2001,2486.226,6.325824114,Middle,-0.144491274,7.00014951,78.84390244,6.6,29,393028,320,Small
Malta,MLT,2002,2299.209,5.806537886,Mid-Low,2.217929032,7.71945155,78.73902439,6.4,27,395969,320,Small
Malta,MLT,2003,2581.568,6.476880542,Middle,1.871518277,7.95137823,78.54634146,6.3,26,398582,320,Small
Malta,MLT,2004,2574.234,6.415248662,Middle,-0.228933647,8.11776552,79.25365854,6.2,24,401268,320,Small
Malta,MLT,2005,2698.912,6.683221324,Middle,3.12420097,8.69086353,79.3,6.1,24,403834,320,Small
Malta,MLT,2006,2574.234,6.351303206,Middle,1.45839227,8.84483111,79.43902439,6,23,405308,320,Small
Malta,MLT,2007,2724.581,6.698844917,Middle,3.624422341,8.2140165,79.79268293,5.9,23,406724,320,Small
Malta,MLT,2008,2559.566,6.252313871,Middle,2.676265866,7.96596342,79.63658537,5.9,23,409379,320,Small
Malta,MLT,2009,2398.218,5.814186003,Mid-Low,-3.19485642,8.08034405,80.24146341,5.9,23,412477,320,Small
Malta,MLT,2010,2559.566,6.174949579,Middle,3.035346348,8.2099066,81.39756098,5.8,23,414508,320,Small
Malta,MLT,2011,2541.231,6.104795468,Middle,0.894429973,8.56188329,80.74634146,5.8,23,416268,320,Small
Malta,MLT,2012,2680.577,6.38190073,Middle,1.79334444,8.62151508,80.74634146,5.8,23,420028,320,Small
Malta,MLT,2013,2339.546,5.49231748,Mid-Low,3.152576935,8.85264377,81.74634146,5.8,24,425967,320,Small
Malta,MLT,2014,2346.88,5.400613957,Mid-Low,5.976873728,9.45605812,81.94634146,5.8,24,434558,320,Small
Netherlands,NLD,2000,173504.105,10.89472628,High,3.496351713,7.05640527,77.98780488,5.1,1012,15925513,33760,Normal
Netherlands,NLD,2001,176793.404,11.01778766,High,1.356291618,7.4412204,78.1902439,5,995,16046180,33760,Normal
Netherlands,NLD,2002,181663.18,11.24924012,High,-0.533288286,7.95428118,78.29268293,4.9,971,16148929,33760,Normal
Netherlands,NLD,2003,182205.896,11.22973834,High,-0.188116954,8.45717556,78.49268293,4.8,941,16225302,33760,Normal
Netherlands,NLD,2004,184835.135,11.352269,High,1.67678994,8.52118663,79.09512195,4.6,905,16281779,33760,Normal
Netherlands,NLD,2005,181479.83,11.12017757,High,1.921933547,9.27056354,79.34634146,4.4,865,16319868,33760,Normal
Netherlands,NLD,2006,179638.996,10.98971528,High,3.352505331,9.18211674,79.69756098,4.3,823,16346101,33760,Normal
Netherlands,NLD,2007,176690.728,10.78586295,High,3.473151677,9.23702289,80.09756098,4.1,781,16381696,33760,Normal
Netherlands,NLD,2008,177020.758,10.76402402,High,1.30392362,9.51053425,80.25121951,4,742,16445593,33760,Normal
Netherlands,NLD,2009,172371.002,10.42752306,High,-4.261221542,10.23626324,80.54878049,3.8,707,16530388,33730,Normal
Netherlands,NLD,2010,183052.973,11.01707086,High,0.883876122,10.40288039,80.70243902,3.7,679,16615394,33730,Normal
Netherlands,NLD,2011,174167.832,10.4335386,High,1.190542088,10.52050133,81.20487805,3.6,656,16693074,33720,Normal
Netherlands,NLD,2012,170310.148,10.16475883,High,-1.422504187,10.9036803,81.10487805,3.6,638,16754962,33720,Normal
Netherlands,NLD,2013,173254.749,10.31006279,High,-0.48416549,10.89740267,81.30487805,3.5,625,16804432,33690,Normal
Netherlands,NLD,2014,167303.208,9.920138075,Mid-High,1.055409463,10.8585376,81.70731707,3.5,615,16865008,33690,Normal
Poland,POL,2000,299289.539,7.822798329,Middle,5.657245518,5.29816661,73.74878049,8.1,3097,38258629,306290,Large
Poland,POL,2001,301284.387,7.877112224,Middle,1.275940705,5.67864355,74.2,7.6,2850,38248076,306290,Large
Poland,POL,2002,294834.134,7.712040984,Middle,2.088879429,6.07919421,74.49756098,7.3,2679,38230364,306290,Large
Poland,POL,2003,302252.475,7.911421984,Middle,3.632392252,5.96231367,74.59756098,7,2574,38204570,306240,Large
Poland,POL,2004,304416.005,7.97271581,Middle,5.197185266,5.86866808,74.84634146,6.7,2496,38182222,306330,Large
Poland,POL,2005,302538.501,7.927026686,Middle,3.539152891,5.80727181,74.99512195,6.6,2468,38165445,306330,Large
Poland,POL,2006,318940.992,8.362097463,Mid-High,6.246911937,5.80066618,75.14390244,6.3,2415,38141267,306320,Large
Poland,POL,2007,314272.901,8.244183742,Mid-High,7.092943044,5.8729005,75.24390244,6,2357,38120560,306320,Large
Poland,POL,2008,314848.62,8.258160054,Mid-High,4.23549551,6.37342514,75.54390244,5.8,2287,38125759,306300,Large
Poland,POL,2009,297617.387,7.800914342,Middle,2.750609034,6.58685972,75.69512195,5.4,2166,38151603,306280,Large
Poland,POL,2010,316264.082,8.313376825,Mid-High,3.903262076,6.41907151,76.24634146,5.2,2062,38042794,306280,Large
Poland,POL,2011,316997.482,8.328175875,Mid-High,4.960782917,6.23388228,76.69512195,4.8,1909,38063255,306230,Large
Poland,POL,2012,299931.264,7.879830064,Middle,1.608149565,6.20117811,76.74634146,4.6,1815,38063164,306220,Large
Poland,POL,2013,302278.144,7.946282506,Middle,1.453110959,6.37569014,77,4.5,1717,38040196,306210,Large
Poland,POL,2014,285739.974,7.517151585,Middle,3.360478741,6.24862581,77.60243902,4.3,1618,38011735,306190,Large
Portugal,PRT,2000,62731.369,6.096403385,Middle,3.060570887,8.3748018,76.31463415,5.5,626,10289898,91500,Normal
Portugal,PRT,2001,62757.038,6.056037979,Middle,1.226898931,8.4039933,76.81463415,5.2,584,10362722,91500,Normal
Portugal,PRT,2002,66790.738,6.410086691,Middle,0.218425808,8.55804612,77.06585366,4.7,532,10419631,91500,Normal
Portugal,PRT,2003,61216.898,5.853135645,Mid-Low,-1.305412252,8.90151432,77.2195122,4.3,487,10458821,91500,Normal
Portugal,PRT,2004,63145.74,6.02313785,Middle,1.568412892,9.29547632,77.67073171,4,441,10483861,91500,Normal
Portugal,PRT,2005,65279.934,6.215165476,Middle,0.58000286,9.43340859,78.07073171,3.7,403,10503330,91470,Normal
Portugal,PRT,2006,59816.104,5.684705076,Mid-Low,1.370085762,9.13617249,78.4195122,3.4,372,10522288,91470,Normal
Portugal,PRT,2007,60149.801,5.705207852,Mid-Low,2.291003501,9.06581211,78.32195122,3.3,350,10542964,91470,Normal
Portugal,PRT,2008,55624.723,5.268402206,Mid-Low,0.054897748,9.35251067,78.52439024,3.2,335,10558177,91470,Normal
Portugal,PRT,2009,54176.258,5.126323978,Mid-Low,-3.070552534,9.87895003,78.72682927,3.2,320,10568247,91590,Normal
Portugal,PRT,2010,48136.709,4.552752646,Mid-Low,1.851920186,9.81947515,79.02682927,3.1,305,10573100,91590,Normal
Portugal,PRT,2011,47623.329,4.510827218,Mid-Low,-1.68234825,9.53115801,80.47073171,3.1,291,10557560,91590,Normal
Portugal,PRT,2012,46013.516,4.37605313,Mid-Low,-3.638376596,9.34825235,80.37317073,3,276,10514844,91590,Normal
Portugal,PRT,2013,45426.796,4.344029312,Mid-Low,-0.586051381,9.08954462,80.72195122,3,269,10457295,91600,Normal
Portugal,PRT,2014,45052.762,4.331554028,Mid-Low,1.438663429,9.02232563,81.12195122,3,262,10401062,91605,Normal
Romania,ROU,2000,90681.243,4.040518655,Mid-Low,2.527720601,4.18793437,71.16341463,18.3,4080,22442971,229710,Normal
Romania,ROU,2001,96632.784,4.366207979,Mid-Low,7.075793362,4.34137343,71.16097561,17.7,3908,22131970,229710,Normal
Romania,ROU,2002,97237.839,4.47471788,Mid-Low,7.127485109,4.56619629,71.0097561,17.4,3800,21730496,229870,Normal
Romania,ROU,2003,101062.52,4.684388286,Mid-Low,6.28813607,5.18637701,71.3097561,16.9,3683,21574326,229950,Normal
Romania,ROU,2004,96904.142,4.517307494,Mid-Low,8.977765964,5.38779068,71.59427561,16.3,3555,21451748,230000,Normal
Romania,ROU,2005,96456.768,4.524305495,Mid-Low,4.817198496,5.45876468,71.87889512,15.2,3318,21319685,229980,Normal
Romania,ROU,2006,103350.728,4.876469678,Mid-Low,8.697583855,5.00907337,72.16341463,13.7,2985,21193760,229980,Normal
Romania,ROU,2007,102224.959,4.895132266,Mid-Low,8.454090831,5.11153525,72.56585366,12.2,2645,20882982,229890,Normal
Romania,ROU,2008,96365.093,4.692067363,Mid-Low,10.07900726,5.1707636,72.56585366,11,2372,20537875,229900,Normal
Romania,ROU,2009,81576.082,4.005210952,Mid-Low,-5.123235888,5.48894192,73.3097561,10.2,2166,20367487,230060,Normal
Romania,ROU,2010,79412.552,3.922213561,Low,-2.232622307,5.70801251,73.45853659,9.7,2045,20246871,230050,Normal
Romania,ROU,2011,84880.049,4.212926221,Mid-Low,2.532864233,4.65105826,74.4097561,9.6,1974,20147528,230170,Normal
Romania,ROU,2012,81722.762,4.074315455,Mid-Low,1.689877303,4.70583453,74.41219512,9.4,1902,20058035,230020,Normal
Romania,ROU,2013,70945.449,3.550167079,Low,3.916749307,5.17776913,75.06341463,9,1782,19983693,230030,Normal
Romania,ROU,2014,70003.03,3.516153691,Low,3.4631366,5.03454647,74.96097561,8.4,1653,19908979,230080,Normal
Slovak Republic,SVK,2000,35885.262,6.659329488,Middle,1.347280939,5.3125979,73.05121951,8.2,446,5388720,48100,Normal
Slovak Republic,SVK,2001,39357.911,7.317137791,Middle,3.505723137,5.34015727,73.40243902,7.9,417,5378867,48100,Normal
Slovak Republic,SVK,2002,39251.568,7.300020532,Middle,4.560795846,5.51682144,73.60487805,7.6,399,5376912,48100,Normal
Slovak Republic,SVK,2003,39493.59,7.349868072,Middle,5.488126963,5.45839442,73.60487805,7.3,384,5373374,48110,Normal
Slovak Republic,SVK,2004,38749.189,7.212801455,Middle,5.280271095,6.47974578,73.95853659,7.1,373,5372280,48100,Normal
Slovak Republic,SVK,2005,39357.911,7.325390806,Middle,6.740490003,6.59792205,73.90487805,6.8,363,5372807,48100,Normal
Slovak Republic,SVK,2006,39104.888,7.277962961,Middle,8.447902154,6.86156875,74.20487805,6.6,354,5373054,48100,Normal
Slovak Republic,SVK,2007,36780.01,6.843273815,Middle,10.76725222,7.18981221,74.20731707,6.4,350,5374622,48100,Normal
Slovak Republic,SVK,2008,37711.428,7.010558568,Middle,5.53923472,6.96639296,74.70487805,6.1,341,5379233,48100,Normal
Slovak Republic,SVK,2009,34037.094,6.319073237,Middle,-5.548489764,7.95678435,74.9097561,6,336,5386406,48090,Normal
Slovak Republic,SVK,2010,36240.961,6.721959562,Middle,4.94387255,7.80112257,75.11219512,5.8,329,5391428,48091,Normal
Slovak Republic,SVK,2011,34524.805,6.395396289,Middle,2.686613637,7.41832892,75.95853659,5.6,321,5398384,48088,Normal
Slovak Republic,SVK,2012,32764.645,6.059022901,Middle,1.484291761,7.63384294,76.1097561,5.5,312,5407579,48088,Normal
Slovak Republic,SVK,2013,33091.008,6.11280356,Middle,1.381645185,7.52781115,76.41219512,5.3,303,5413393,48088,Normal
Slovak Republic,SVK,2014,30678.122,5.661581328,Mid-Low,2.65066889,6.92111015,76.81219512,5.1,293,5418649,48086,Normal
Slovenia,SVN,2000,14396.642,7.23840366,Middle,3.847511866,7.78388001,75.41219512,4.6,80,1988925,20140,Small
Slovenia,SVN,2001,15163.045,7.611741112,Middle,2.787349198,7.87635954,75.75853659,4.4,77,1992060,20140,Small
Slovenia,SVN,2002,15419.735,7.731011817,Middle,3.707715748,7.99610541,76.00731707,4.1,72,1994530,20140,Small
Slovenia,SVN,2003,15511.41,7.772287175,Middle,2.780091236,8.08173371,76.85853659,3.9,69,1995733,20140,Small
Slovenia,SVN,2004,15746.098,7.884828934,Middle,4.284962717,7.92680512,77.20731707,3.7,67,1997012,20140,Small
Slovenia,SVN,2005,15867.109,7.931674693,Middle,3.823020815,7.96504212,77.61219512,3.5,66,2000474,20140,Small
Slovenia,SVN,2006,16244.81,8.094608116,Mid-High,5.319372956,7.80212895,78.08658537,3.3,63,2006868,20140,Small
Slovenia,SVN,2007,16244.81,8.049468764,Mid-High,6.34528862,7.49448974,78.56097561,3.1,61,2018122,20140,Small
Slovenia,SVN,2008,17355.911,8.58644121,Mid-High,3.136899703,7.84938816,78.76585366,2.9,60,2021316,20140,Small
Slovenia,SVN,2009,15280.389,7.491602314,Middle,-8.626919318,8.56174826,78.97073171,2.8,58,2039669,20140,Small
Slovenia,SVN,2010,15335.394,7.485854369,Middle,0.797240022,8.56162351,79.42195122,2.6,55,2048583,20140,Small
Slovenia,SVN,2011,15089.705,7.350637628,Middle,0.440502293,8.54011378,79.97073171,2.4,52,2052843,20140,Small
Slovenia,SVN,2012,14781.677,7.185481044,Middle,-2.873785074,8.72710784,80.12439024,2.3,50,2057159,20140,Small
Slovenia,SVN,2013,14150.953,6.869551393,Middle,-1.26615369,8.75674539,80.32195122,2.2,47,2059953,20140,Small
Slovenia,SVN,2014,12812.498,6.213686845,Middle,2.877963809,8.54159658,81.07804878,2,43,2061980,20140,Small
Spain,ESP,2000,294434.431,7.257824346,Middle,4.819364022,6.8160619,78.96585366,4.3,1724,40567864,499000,Very large
Spain,ESP,2001,297830.073,7.290748328,Middle,3.281734814,6.78313377,79.36829268,4.3,1742,40850412,498520,Very large
Spain,ESP,2002,314518.59,7.591280782,Middle,1.436815991,6.80292358,79.56829268,4.2,1767,41431558,499040,Very large
Spain,ESP,2003,321097.188,7.611166445,Middle,1.338243755,7.53018064,79.6195122,4,1759,42187645,499210,Very large
Spain,ESP,2004,339428.521,7.908050681,Middle,1.40190868,7.6191456,79.87073171,4,1782,42921895,499180,Very large
Spain,ESP,2005,353462.13,8.097058048,Mid-High,1.985476006,7.67640382,80.17073171,3.8,1761,43653155,499090,Very large
Spain,ESP,2006,350037.152,7.88419571,Middle,2.428012521,7.75518882,80.82195122,3.7,1725,44397319,498980,Very large
Spain,ESP,2007,358236.564,7.920890716,Middle,1.865813028,7.83671201,80.87317073,3.6,1712,45226803,499110,Very large
Spain,ESP,2008,329285.599,7.165531607,Middle,-0.482674966,8.28908822,81.17560976,3.4,1644,45954106,498800,Very large
Spain,ESP,2009,288237.201,6.216973378,Middle,-4.424062114,8.98892964,81.47560976,3.3,1563,46362946,498660,Very large
Spain,ESP,2010,270910.626,5.816416366,Mid-Low,-0.445350775,9.02218513,81.62682927,3.1,1471,46576897,500010,Very large
Spain,ESP,2011,270547.593,5.788018458,Mid-Low,-1.349930077,9.09151309,82.47560976,3.1,1410,46742697,499880,Very large
Spain,ESP,2012,264779.402,5.660938803,Mid-Low,-2.990755144,9.07300093,82.42682927,3,1345,46773055,500210,Very large
Spain,ESP,2013,237034.88,5.084398353,Mid-Low,-1.383096773,9.01941268,83.07804878,2.9,1281,46620045,500210,Very large
Spain,ESP,2014,233976.602,5.033824487,Mid-Low,1.683527291,9.08340734,83.22926829,2.8,1183,46480882,500210,Very large
Sweden,SWE,2000,49350.486,5.562430083,Mid-Low,4.567242893,7.41244804,79.64390244,3.4,313,8872109,410340,Large
Sweden,SWE,2001,51125.314,5.747026066,Mid-Low,1.291108144,8.03416286,79.79512195,3.4,314,8895960,410340,Large
Sweden,SWE,2002,57425.22,6.434228598,Middle,1.74193088,8.36211553,79.84634146,3.3,312,8924958,410340,Large
Sweden,SWE,2003,54781.313,6.115194532,Middle,2.005478025,8.46388685,80.09512195,3.2,312,8958229,410340,Large
Sweden,SWE,2004,54520.956,6.062241404,Middle,3.911043998,8.26137253,80.49756098,3.1,304,8993531,410340,Large
Sweden,SWE,2005,51561.687,5.710313512,Mid-Low,2.407936366,8.27739469,80.54634146,3,304,9029572,410340,Large
Sweden,SWE,2006,49570.506,5.459003216,Mid-Low,4.100926289,8.16106452,80.74878049,2.8,294,9080505,410340,Large
Sweden,SWE,2007,48059.702,5.253521937,Mid-Low,2.640983001,8.07390721,80.9,2.7,291,9148092,410340,Large
Sweden,SWE,2008,49123.132,5.328098275,Mid-Low,-1.328731592,8.31308546,81.1,2.6,288,9219637,410340,Large
Sweden,SWE,2009,43065.248,4.63141136,Mid-Low,-5.988964284,8.94447909,81.35121951,2.6,283,9298515,410340,Large
Sweden,SWE,2010,52023.729,5.547348052,Mid-Low,5.089185551,8.48640651,81.45121951,2.5,277,9378126,410340,Large
Sweden,SWE,2011,51734.036,5.474957121,Mid-Low,1.89205741,10.67897654,81.80243902,2.5,280,9449213,410340,Large
Sweden,SWE,2012,47047.61,4.942300828,Mid-Low,-1.021244095,10.9382056,81.70487805,2.5,283,9519374,407340,Large
Sweden,SWE,2013,44847.41,4.671420785,Mid-Low,0.386963246,11.10079845,81.95609756,2.4,276,9600379,407340,Large
Sweden,SWE,2014,43420.947,4.478182178,Mid-Low,1.591300229,11.14127066,82.25365854,2.4,279,9696110,407310,Large
United Kingdom,GBR,2000,541784.582,9.199549233,Mid-High,3.294397029,6.01210311,77.74146341,5.5,3864,58892514,241930,Large
United Kingdom,GBR,2001,545862.286,9.233174987,Mid-High,2.150119224,6.35113759,77.99268293,5.4,3762,59119673,241930,Large
United Kingdom,GBR,2002,528642.054,8.904123108,Mid-High,2.025052232,6.6226913,78.14390244,5.3,3688,59370479,241930,Large
United Kingdom,GBR,2003,540006.087,9.053277839,Mid-High,2.845899829,6.88601536,78.44634146,5.3,3705,59647577,241930,Large
United Kingdom,GBR,2004,539239.684,8.989140127,Mid-High,1.78371343,7.09729047,78.74634146,5.3,3693,59987905,241930,Large
United Kingdom,GBR,2005,542580.321,8.982938536,Mid-High,2.390644137,7.23952802,79.04878049,5.1,3646,60401206,241930,Large
United Kingdom,GBR,2006,541458.219,8.89871022,Mid-High,1.705659242,7.3843617,79.24878049,5,3673,60846820,241930,Large
United Kingdom,GBR,2007,528425.701,8.617163681,Mid-High,1.562786241,7.48933098,79.44878049,4.9,3700,61322463,241930,Large
United Kingdom,GBR,2008,520688.331,8.424423983,Mid-High,-1.252779497,7.7415566,79.6,4.8,3652,61806995,241930,Large
United Kingdom,GBR,2009,471719.213,7.574622131,Middle,-4.909740527,8.57783606,80.05121951,4.6,3584,62276270,241930,Large
United Kingdom,GBR,2010,493207.833,7.857836486,Middle,0.900491453,8.50761193,80.40243902,4.4,3495,62766365,241930,Large
United Kingdom,GBR,2011,447828.708,7.079297626,Middle,0.662683265,8.45869043,80.95121951,4.2,3386,63258918,241930,Large
United Kingdom,GBR,2012,468572.927,7.355898277,Middle,0.778161519,8.47576291,80.90487805,4.1,3265,63700300,241930,Large
United Kingdom,GBR,2013,458250.322,7.145844359,Middle,1.371395549,9.85475594,81.00487805,3.9,3136,64128226,241930,Large
United Kingdom,GBR,2014,419820.162,6.49744049,Middle,2.280809345,9.79945656,81.30487805,3.8,3073,64613160,241930,Large
